"Country","Talk Groups","Name"
"Worldwide","9517","M17-M17 Module C"
"Worldwide","91","Worldwide"
"Worldwide","9071","Tac 1  JOTA  YOTA"
"Worldwide","9072","Tac 2  JOTA  YOTA"
"Worldwide","9073","Tac 3  JOTA  YOTA"
"Worldwide","9074","Tac 4  JOTA  YOTA"
"Worldwide","9075","Tac 5  JOTA  YOTA"
"Worldwide","9076","Tac 6  JOTA  YOTA"
"Worldwide","9077","Tac 7  JOTA  YOTA"
"Worldwide","9078","Tac 8  JOTA  YOTA"
"Worldwide","907","JOTA JOTI YOTA"
"Worldwide","937","French Language FRANCOPHONIE"
"Worldwide","969","Worldwide PRIDE (Allstar 56108)"
"Worldwide","970","POTA"
"Worldwide","973","SOTA"
"Worldwide","98002","Hamfurs"
"Worldwide","16777215","All Call"
"Vietnam","452","Vietnam"
"Venezuela","7341","(YV1) Zona 1"
"Venezuela","7342","(YV2) Zona 2"
"Venezuela","7343","(YV3) Zona 3"
"Venezuela","7344","(YV4) Zona 4"
"Venezuela","7345","(YV5) Zona 5"
"Venezuela","7346","(YV6) Zona 6"
"Venezuela","7347","(YV7) Zona 7"
"Venezuela","7348","(YV8) Zona 8"
"Venezuela","7349","(YV9) Zona 9"
"Venezuela","734","VENEZUELA"
"Vanuatu","541","Vanuatu"
"Uzbekistan","434","Uzbekistan"
"USA","33041","Hispanos"
"USA","31001","N. A. TAC 1"
"USA","31002","N. A. TAC 2"
"USA","31003","N. A. TAC 3"
"USA","3100","USA Nationwide"
"USA","31004","N. A. TAC 4"
"USA","31260","ZOMBIE Alert USA / XLX240B"
"USA","3101","Alabama"
"USA","31005","N. A. TAC 5"
"USA","3102","Alaska"
"USA","31006","N. A. TAC 6"
"USA","31007","N. A. TAC 7"
"USA","3104","Arizona"
"USA","31008","N. A. TAC 8"
"USA","3105","Arkansas"
"USA","31009","N. A. TAC 9"
"USA","3106","California"
"USA","31010","Alabama Link"
"USA","3108","Colorado"
"USA","3109","Connecticut"
"USA","3110","Delaware"
"USA","3111","District of Columbia"
"USA","3112","Florida"
"USA","3113","Georgia"
"USA","3115","Hawai"
"USA","3116","Idaho"
"USA","3117","Illinois"
"USA","3118","Indiana"
"USA","3119","Iowa"
"USA","3120","Kansas"
"USA","3121","Kentucky"
"USA","3122","Louisiana"
"USA","3123","Maine"
"USA","3124","Maryland"
"USA","3125","Massachusetts"
"USA","3126","Michigan"
"USA","3127","Minnesota"
"USA","3128","Mississippi"
"USA","3129","Missouri"
"USA","3130","Montana"
"USA","31290","NA Talk Box"
"USA","3131","Nebraska"
"USA","3132","Nevada"
"USA","3133","New Hampshire"
"USA","3134","New Jersey"
"USA","3135","New Mexico"
"USA","3136","New York"
"USA","3137","North Carolina"
"USA","3138","North Dakota"
"USA","3139","Ohio"
"USA","3140","Oklahoma"
"USA","3141","Oregon"
"USA","3142","Pennsylvania"
"USA","3143","Puerto Rico"
"USA","3144","Rhode Island"
"USA","3145","South Carolina"
"USA","3146","South Dakota"
"USA","3147","Tennessee"
"USA","3148","Texas"
"USA","3149","Utah"
"USA","3150","Vermont"
"USA","3151","Virginia"
"USA","3152","Virgin Islands"
"USA","3153","Washington"
"USA","3154","West Virginia"
"USA","3155","Wisconsin"
"USA","3156","Wyoming"
"USA","31060","California Link"
"USA","31061","CA TAC"
"USA","316501","Worldwide Network"
"USA","3160","Crossroads-USA Reflector"
"USA","3161","New England"
"USA","3162","La Isla"
"USA","31068","NorCal"
"USA","3165","USA SOUTHEAST"
"USA","31069","Bay Area Digital - California"
"USA","3166","DVSwitch"
"USA","31341","South Jersey"
"USA","31342","North Jersey"
"USA","31601","NC4ES Chat 1"
"USA","31602","NC4ES Chat 2"
"USA","31603","NC4ES AUXCOMM"
"USA","31604","NC4ES RF Link"
"USA","31605","NC4ES EHPC"
"USA","31611","XPR Pinoy Network"
"USA","31360","NY-NJ-PA TriState"
"USA","31361","Upstate-NY"
"USA","31362","NY-Metro"
"USA","31369","Monroe County"
"USA","31373","East NC"
"USA","31120","US-Miami"
"USA","31376","Southern Tier NY"
"USA","31377","OBX"
"USA","31379","Piedmont Triad"
"USA","31138","Georgia Digital"
"USA","310188","KC2ABV REPEATER SYSTEM"
"USA","31411","AI Voice Assistant"
"USA","316601","YSF16512 US-WA-PNW"
"USA","31177","WESDIG Western US Digital Group"
"USA","31210","Mid-South Link"
"USA","31480","Canton Area Radio Emerg. Serv"
"USA","310014","San Diego"
"Uruguay","74800","EMERGENCY"
"Uruguay","74801","Montevideo"
"Uruguay","74802","Montevideo"
"Uruguay","74803","Artigas"
"Uruguay","74804","Canelones"
"Uruguay","74805","Cerro Largo"
"Uruguay","74806","Colonia"
"Uruguay","74807","Durazno"
"Uruguay","74808","Flores"
"Uruguay","74809","Florida"
"Uruguay","74810","Lavalleja"
"Uruguay","74811","Maldonado"
"Uruguay","74812","Paysandú"
"Uruguay","74813","Rio Negro"
"Uruguay","74814","Rivera"
"Uruguay","7487","Uruguay Link"
"Uruguay","74815","Rocha"
"Uruguay","74816","Salto"
"Uruguay","74817","San José"
"Uruguay","74818","Soriano"
"Uruguay","74819","Tacuarembó"
"Uruguay","74820","Treinta y Tres"
"Uruguay","74830","CXUA1"
"Uruguay","74840","CXUA2"
"Uruguay","74850","CXUA3"
"Uruguay","74860","CXUA4"
"Uruguay","748230","Marconi Activities(IMDetc.)"
"Uruguay","748","Uruguay"
"United States Virgin Islands","332","United States Virgin Islands"
"United States of America","310","United States of America"
"United States","31452","N1RCW multi mode link"
"United States","31458","N1RCW Multi-Mode Network ."
"United States","31226","La Gran Familia"
"United Arab Emirates","424","United Arab Emirates"
"Ukraine","255","Ukraine"
"UK","23557","Scotland East"
"UK","23558","Scotland Highland & Islands"
"UK","23559","Scotland West"
"UK","23560","North East"
"UK","23570","Wales Chat"
"UK","23580","West Midland"
"UK","23590","East Midlands"
"UK","2345","CQ North"
"UK","23595","OZ-DMR UK News & Chat"
"UK","2348","SOARC Sherwood Observatory"
"UK","2350","UK Central"
"UK","2351","Chat 1"
"UK","2352","Chat 2"
"UK","2353","Chat 3"
"UK","2354","Chat 4"
"UK","2355","Chat 5"
"UK","2356","Chat 6"
"UK","2357","Isle of Man"
"UK","2358","London"
"UK","2359","Kernow & Jersey"
"UK","23427","Dial-a-Node FreeDMR UK AllStar 29177"
"UK","23450","Yorkshire Net UK"
"UK","23490","East Anglia"
"UK","23500","South West"
"UK","23501","Sidmouth Amateur Radio Society"
"UK","23503","Southern England - YSF Bridge"
"UK","23510","South East"
"UK","23520","North West"
"UK","23522","ASL Bridge"
"UK","23525","Extended Freedom Network"
"UK","23530","Yorkshire"
"UK","23540","N. Ireland Chat"
"UK","23550","Scotland Chat"
"Uganda","641","Uganda"
"Tuvalu","553","Tuvalu"
"Turks and Caicos Islands","376","Turks and Caicos Islands"
"Turkmenistan","438","Turkmenistan"
"Tunisia","605","Tunisia"
"Trinidad and Tobago","374","Trinidad and Tobago"
"Tonga","539","Tonga"
"Togo","615","Togo"
"Thailand","520","Thailand Nation Wide [ call ]"
"Thailand","52010","Thailand Regian 1"
"Thailand","52020","Thailand Regian 2"
"Thailand","52030","Thailand Regian 3"
"Thailand","52040","Thailand Regian 4"
"Thailand","5201","Reserved"
"Thailand","5202","CHAT 2"
"Thailand","52050","Thailand Regian 5"
"Thailand","52060","Thailand Regian 6"
"Thailand","52070","Thailand Regian 7"
"Thailand","52080","Thailand Regian 8"
"Thailand","52090","Thailand Regian 9"
"Tanzania","640","Tanzania"
"Tajikistan","436","Tajikistan"
"Taiwan","46600","Taiwan"
"Taiwan","466","Taiwan"
"Syria","417","Syria"
"Switzerland","228112","EmComm Suisse (Emergency Communication)"
"Switzerland","22801","UA 1"
"Switzerland","22802","UA 2"
"Switzerland","22803","UA 3"
"Switzerland","22804","UA 4"
"Switzerland","22812","Geneve"
"Switzerland","22813","Alpes Vaudoises"
"Switzerland","22814","Alpes Valaisannes"
"Switzerland","22815","Neuchatel"
"Switzerland","22817","Fribourg"
"Switzerland","22877","Poschiavo"
"Switzerland","228","Switzerland"
"Switzerland","2280","Swiss German"
"Switzerland","2281","Suisse Romande"
"Switzerland","2282","Valais"
"Switzerland","2283","Bern Capital"
"Switzerland","2284","Basilea"
"Switzerland","2285","Argovia / Swiss central"
"Switzerland","2286","Ticino"
"Switzerland","2287","Grigioni"
"Switzerland","2288","Zurich"
"Switzerland","2289","Oriental Swiss"
"Sweden","2401","Sweden chat 1"
"Sweden","2402","Sweden chat 2"
"Sweden","2403","Sweden chat 3"
"Sweden","2404","Sweden chat 4"
"Sweden","2405","Sweden chat 5"
"Sweden","240","Sweden Call"
"Suriname","746","Suriname"
"Sudan","634","Sudan"
"Sri Lanka","413","Sri Lanka"
"Spain","214091","ARSA-CNP"
"Spain","2141","ZONE 1 EA"
"Spain","2142","ZONE 2 EA"
"Spain","2143","ZONE 3 EA"
"Spain","2144","ZONE 4 EA"
"Spain","214112","EMERGENCY"
"Spain","2145","ZONE 5 EA"
"Spain","2146","ZONE 6 EA"
"Spain","2147","ZONE 7 EA"
"Spain","2148","ZONE 8 EA"
"Spain","2149","ZONE 9 EA"
"Spain","21411","URE SEC.COMARCAL  S.FERNANDO CADIZ"
"SPAIN","21428","CC.AA. MADRID"
"Spain","21460","CERT-SPAIN"
"Spain","214","National Spain"
"SPAIN","21463","GaliciaON"
"Spain","21465","ADER"
"SPAIN","21471","CAMINO DE SANTIAGO"
"SPAIN","21477","RADIOENLACES CHARLI SIERRA 26"
"SPAIN","21490","ChatGPT-FreeDMR"
"Spain","21499","Radioaficionados ARAGON"
"South Africa","655","South Africa"
"Somalia","637","Somalia"
"Solomon Islands","540","Solomon Islands"
"Slovenia","293","Slovenia"
"Slovakia","231","Slovakia"
"Singapore","525","Singapore"
"Sierra Leone","619","Sierra Leone"
"Seychelles","633","Seychelles"
"Serbia","220","Serbia"
"Senegal","608","Senegal"
"Saudi Arabia","420","Saudi Arabia"
"Sao Tome and Principe","626","Sao Tome and Principe"
"San Marino","292","San Marino"
"Samoa","549","Samoa"
"Saint Vincent and the Grenadines","360","Saint Vincent and the Grenadines"
"Saint Lucia","358","Saint Lucia"
"Saint Kitts and Nevis","356","Saint Kitts and Nevis"
"Rwanda","635","Rwanda"
"Russian Federation","250","Russian Federation"
"Romania","2260","Romania Chatter"
"Romania","2262","Romania District YO2"
"Romania","2263","Romania District YO3"
"Romania","2264","Romania District YO4"
"Romania","2265","Romania District YO5"
"Romania","2266","Romania District YO6"
"Romania","2267","Romania District YO7"
"Romania","2268","Romania District YO8"
"Romania","2269","Romania District YO9"
"Romania","226","Romania National"
"Reunion Island","647","Reunion"
"REUNION ISLAND","64701","FUSION REUNION"
"Qatar","427","Qatar"
"Puerto Rico","330","National"
"Puerto Rico","3300","PR00"
"Puerto Rico","3302","PR02"
"Puerto Rico","3303","PR03"
"Puerto Rico","3304","PR04"
"Puerto Rico","3305","PR05"
"Puerto Rico","3306","PR06"
"Puerto Rico","3307","PR07"
"Puerto Rico","3308","PR08"
"Puerto Rico","3309","PR09"
"Puerto Rico","33010","PR10"
"Puerto Rico","33011","PR11"
"Puerto Rico","33012","PR12"
"Puerto Rico","33013","PR13"
"Puerto Rico","33014","PR14"
"Puerto Rico","33015","PR15"
"Puerto Rico","33016","PR16"
"Puerto Rico","33017","PRNet"
"Puerto Rico","33018","PR018"
"Puerto Rico","33019","PR019"
"Puerto Rico","33020","PR020"
"Portugal","268","Portugal Nacional"
"Portugal","2681","Portugal Norte"
"Portugal","2682","Portugal Centro"
"Portugal","2683","Portugal Capital"
"Portugal","2684","Portugal Alentejo"
"Portugal","2685","Portugal Algarve"
"Portugal","2686","Azores Is."
"Portugal","2687","Madeira Is."
"Poland","260","Poland HBLink"
"Poland","260901","Tarnów"
"Poland","260902","Kraków"
"Poland","260903","Zakopane"
"Poland","260909","Silesia"
"Poland","260911","Jastrzębie Zdrój"
"Poland","260401","Białystok"
"Poland","260928","Orzesze"
"Poland","260701","Łódź"
"Poland","260201","Chojnice"
"Poland","260202","ChojniceII"
"Poland","260203","Bydgoszcz"
"Poland","26000","Techniczna"
"Poland","260501","Warszawa"
"Poland","260778","Kutno"
"Poland","260525","Kadzidło"
"Poland","260601","Wrocław"
"Philippines","51500","DX8WMG MOARC"
"Philippines","515","Philippines"
"Philippines","5158","Zamboanga Peninsula"
"Philippines","51502","Cavite ACE"
"Philippines","51507","DX1CC CAVCOM"
"Philippines","51510","DX1E Elite Hamster Club"
"Philippines","51516","DZ1REC Radio Engineering Circle"
"Philippines","51525","Ilocos Region Ham Radio Operators"
"Philippines","51526","HARP USA"
"Philippines","51547","KAPIHAN Network"
"Philippines","51568","PAREDN"
"Philippines","51595","DX8H HARC GenSan"
"Philippines","51598","FreeDMR PHIL"
"Peru","716","Peru"
"Paraguay","744","Paraguay"
"Papua New Guinea","537","Papua New Guinea"
"Panama","714911","Emergencia Panama"
"Panama","714","Panama"
"Palestine","4251","Palestine"
"Palau","552","Palau"
"Pakistan","41033","AP DMR-FM Network"
"Pakistan","410","AP FDMR Network"
"Oman","422","Oman"
"Norway","24201","Norway chat 1"
"Norway","24202","Norway chat 2"
"Norway","24203","Norway chat 3"
"Norway","24204","Norway chat 4"
"Norway","24205","Norway chat 5"
"Norway","242","Norway call"
"Nigeria","621","Nigeria"
"Niger","614","Niger"
"Nicaragua","7105","GREMNIC"
"Nicaragua","710","YN-Nacional"
"Nicaragua","710911","YN-Emergencias"
"New Zealand","530","ZL National"
"New Zealand","53011","Branch 11"
"New Zealand","53027","Nparc Branch 27"
"New Zealand","53028","Whangarei Amateur Radio Club"
"New Zealand","53029","XLX299-K"
"New Zealand","53056","ANZEL Echolink Network"
"New Zealand","53080","R.O.A.R  (Rotarians)"
"New Zealand","53085","DVNZ-UK"
"New Zealand","53096","Caribbean-TG969"
"New Zealand","5301","ZL 1 Region"
"New Zealand","5302","ZL 2 Regional"
"New Zealand","5303","ZL 3 Region"
"New Zealand","5304","ZL 4 Region"
"New Zealand","5306","XLX530-D"
"New Zealand","53067","Hawkes Bay"
"Netherlands","204112","Nederlands-Emergency"
"Netherlands","20400","Nederlands-Gateway"
"Netherlands","20401","Nederlands-Drenthe"
"Netherlands","20402","Nederlands-Flevoland"
"Netherlands","20403","Nederlands-Friesland"
"Netherlands","20404","Nederlands-Gelderland"
"Netherlands","20405","Nederlands-Groningen"
"Netherlands","20406","Nederlands-Limburg"
"Netherlands","20407","Nederlands-Noord Brabant"
"Netherlands","20408","Nederlands-Noord Holland"
"Netherlands","20409","Nederlands-Overijssel"
"Netherlands","20410","Nederlands-Zuid Holland"
"Netherlands","20411","Nederlands-Utrecht"
"Netherlands","204","Nederlands-National"
"Nepal","429","Nepal"
"Nauru","536","Nauru"
"Namibia","649","Namibia"
"Myanmar","414","Myanmar"
"Mozambique","643","Mozambique"
"Morocco","604","Morocco-National"
"Morocco","6041","Cross Mode DMR = ANALOGUE"
"Morocco","604112","Emcomm Morocco"
"Morocco","60401","DMR-MAROC"
"Morocco","60410","EL Jadida"
"Montserrat","354","Montserrat"
"Montenegro","297","Montenegro"
"Mongolia","428","Mongolia"
"Monaco","212","Monaco"
"Moldova","259","Moldova"
"Micronesia Federated","550","Micronesia Federated"
"Mexico","3340","AllSTar<>TGIF<>Echolink<>M17"
"Mexico","3341","XE1 Zone"
"Mexico","3342","XE2 Zone"
"Mexico","3343","XE3 Zone"
"Mexico","334","Mexico National"
"Mexico","33455","Experimentation"
"Mauritius","617","Mauritius"
"Mauritania","609","Mauritania"
"Marshall Islands","551","Marshall Islands"
"Malta","278","Malta"
"Mali","610","Mali"
"Maldives","472","Maldives"
"Malaysia","502","Malaysia"
"Malawi","650","Malawi"
"Madagascar","646","Madagascar"
"Macedonia","294","Macedonia"
"Macedonia","2949","Strumica"
"Macau","455","Macau"
"Luxembourg","270","Luxembourg"
"Lithuania","246","Lithuania"
"Liechtenstein","295","Liechtenstein"
"Libya","606","Libya"
"Liberia","618","Liberia"
"Lesotho","651","Lesotho"
"Lebanon","415","Lebanon"
"Latvia","247","Latvia"
"Laos","457","Laos"
"Kyrgyzstan","437","Kyrgyzstan"
"Kuwait","419","Kuwait"
"Korea South","450","Korea South"
"Korea North","467","Korea North"
"Kiribati","545","Kiribati"
"Kenya","639","Kenya"
"Kazakhstan","401","Kazakhstan"
"Jordan","416","Jordan"
"Japan","4401","Chat 1"
"Japan","4402","Chat 2"
"Japan","4403","Chat 3"
"Japan","4404","Chat 4"
"Japan","4405","Chat 5"
"Japan","440","Call-QSY"
"Jamaica","338","Jamaica"
"Italy","22273","IT C4FM BAT"
"Italy","22276","TRANI (BT) Conference"
"Italy","22281","Basilicata"
"Italy","22282","Calabria"
"Italy","22283","Campania"
"Italy","22284","Molise"
"Italy","222994","Echolink Sicily Conference"
"Italy","22291","Sicilia"
"Italy","222995","Multi Bridge"
"Italy","22200","MP FreeDMR IT"
"Italy","22201","Lazio"
"Italy","22202","Sardegna"
"Italy","22203","Umbria"
"Italy","22211","Liguria"
"Italy","22212","Piemonte"
"Italy","22213","Valle D'Aosta"
"Italy","22214","M.Protocollo"
"Italy","22215","Multi Protocollo"
"Italy","22216","Multi Protocollo"
"Italy","22217","ASL node 501841"
"Italy","22218","ASL Node 547491"
"Italy","22219","2007-DXGROUP"
"Italy","22220","ItalyNet Conference"
"Italy","22221","Lombardia"
"Italy","22231","Friuli Venezia Giulia"
"Italy","22232","Trentino-Alto Adige"
"Italy","22233","Veneto"
"Italy","222","Italy"
"Italy","22241","Emilia Romagna"
"Italy","22251","Toscana"
"Italy","222958","Cluster RAD"
"Italy","22261","Abruzzo"
"Italy","22262","Marche"
"Italy","22267","Tg Roseto"
"Italy","22271","Puglia"
"Israel","425","Israel"
"Ireland","272","Ireland"
"Ireland","2720","Ireland 0"
"Ireland","2721","Ireland 1"
"Ireland","2722","Ireland Calling"
"Ireland","2723","Ireland Chat"
"Iraq","418","Iraq"
"Iran","432","Iran"
"Indonesia","510","Indonesia"
"India","404","India"
"Iceland","274","Iceland"
"Hungary","216","Hungary"
"Hong Kong","454","Hong Kong"
"Honduras","7085","GREMHR"
"Honduras","708","Honduras"
"Haiti","372","Haiti"
"Guyana","738","Guyana"
"Guinea-Bissau","632","Guinea-Bissau"
"Guinea","611","Guinea"
"Guatemala","704","Guatemala"
"Guam","311","Guam"
"Grenada","352","Grenada"
"Greece","20281","GR Kerkyra DV - SW8R"
"Greece‎","202","GR Greece DV"
"Greece‎","2021","Central Greece"
"Greece‎","2022","Central & West Macedonia"
"Greece‎","2023","Peloponnese"
"Greece‎","2024","Thessaly"
"Greece‎","2025","Dodecanese Islands"
"Greece‎","2026","Epirus"
"Greece‎","2027","Thrace & East Macedonia"
"Greece‎","2028","All Greek islands"
"Greece‎","2029","GR Crete DV"
"Greece","2020","Greece Chat"
"Greece","20200","GR Multimode - YSF/NXDN 20200"
"Gibraltar","266","Gibraltar"
"Ghana","620","Ghana"
"Germany","262","DL National"
"Germany","2620","Sachsen-Anhalt/Mecklenburg-Vorpommern"
"Germany","2621","Berlin/Brandenburg"
"Germany","2622","Hamburg/Schleswig-Holstein"
"Germany","2623","Niedersachsen/Bremen"
"Germany","2624","Nordrhein-Westfalen"
"Germany","2625","Rheinland-Pfalz/Saarland"
"Germany","2626","Hessen"
"Germany","2627","Baden-Wuerttemberg"
"Germany","2628","Bayern"
"Germany","2629","Sachsen/Thueringen"
"Germany","26200","TAC1"
"Germany","26257","DE-Kusel"
"Germany","26281","DE-RAMSES"
"Germany","26284","DE-Franken"
"Germany","26285","DE-Jura"
"Germany","26290","DE-Neumarkt"
"Germany","26299","TAC2"
"Georgia","282","Georgia"
"Gambia","607","Gambia"
"Gabon","628","Gabon"
"France","2080","France Urgence"
"France","20800","YSF_France"
"France","20838","F5KGA Radio Club"
"France","208","France DMR+"
"Finland","24401","Finland Chat 1"
"Finland","24402","Finland Chat 2"
"Finland","24403","Finland Chat 3"
"Finland","24404","Finland Chat 4"
"Finland","24405","Finland Chat 5"
"Finland","24499","Finland Test"
"Finland","244","Finland Call"
"Fiji","542","Fiji"
"Faroe Islands","288","Faroe Islands"
"Ethiopia","636","Ethiopia"
"Eswatini","653","Eswatini"
"Estonia","248","Estonia"
"ESPAÑA","21470","RADIO MONTAÑA PIRINEOS"
"España","21475","NAVARLIK RADIO EMERGENCIAS NAVARRA"
"Eritrea","657","Eritrea"
"Equatorial Guinea","627","Equatorial Guinea"
"El Salvador","706911","YS-Emergencias"
"El Salvador","7065","GREMSAL"
"El Salvador","706","El Salvador"
"El Salvador","70602","Zona YS2"
"El Salvador","70603","Zona YS3"
"El Salvador","70604","Eventos"
"El Salvador","70605","CRAS"
"Egypt","602","Egypt"
"Ecuador","74001","CARCHI-IMBABURA-PICHINCHA"
"Ecuador","74002","GUAYAS LOS RIOS"
"Ecuador","74003","LOJA - EL ORO"
"Ecuador","74004","MANBI - ESMERALDAS"
"Ecuador","74005","CHIMBORAZO- CAÑAR-AZUAY"
"Ecuador","74006","COTOPAXI- TUNGURAHUA - BOLIVAR"
"Ecuador","74007","ZAMORA CHINCHIPE- MORONA SANTIAGO-NAPO- PASTAZA- SUCUMBIOS"
"Ecuador","74008","GALAPAGOS"
"Ecuador","740911","EMERGENCIAS"
"Ecuador","740","Ecuador"
"Ecuador","7401","Ecuador HC3 Loja"
"Ecuador","7406","RADE ECUADOR"
"East Timor","514","East Timor"
"DominicanRep","370","DR National"
"DominicanRep","3700","El Kiosko"
"DominicanRep","3701","DR Zone 1"
"DominicanRep","3702","DR Zone 2"
"DominicanRep","3703","DR Zone 3"
"DominicanRep","3704","DR Zone 4"
"DominicanRep","3705","DR Zone 5"
"DominicanRep","3706","DR Zone 6"
"DominicanRep","3707","DR Zone 7"
"DominicanRep","3708","DR Zone 8"
"DominicanRep","37022","DR Net"
"DominicanRep","37030","Skynet"
"DominicanRep","37040","DR Multiprotocolo"
"DominicanRep","37050","DR Tech"
"Dominica","366","Dominica"
"Djibouti","638","Djibouti"
"Denmark","2381","Denmark Nordjylland"
"Denmark","2382","Denmark Midtjylland"
"Denmark","2383","Denmark Syddanmark"
"Denmark","2384","Denmark Copenhagen"
"Denmark","2385","Denmark Sjaelland"
"Denmark","238","Denmark"
"Czech Republic","230","Czech Republic"
"Cyprus","280","Cyprus DV - YSF 00280 / NXDN 280"
"Cyprus","2801","Cyprus Chat"
"Cyprus","2802","Cyprus - Nicosia"
"Cyprus","2803","Cyprus  - Famagusta"
"Cyprus","2804","Cyprus - Larnaca"
"Cyprus","2805","Cyprus - Limassol"
"Cyprus","2806","Cyprus - Paphos"
"Cuba","368","Cuba"
"Croatia","219","Croatia"
"Costa Rica","712","Costa Rica"
"Costa Rica","7125","GREMCRC"
"Cook Islands","548","Cook Islands"
"Comoros","654","Comoros"
"Columbia","732911","Emergencias Columbia"
"Colombia","73230","Caldero Net"
"Colombia","7320","Radio Aficionados Unidos"
"Colombia","732","Colombia Nacional"
"China","46001","CN 46001 National Wide Talkgroup"
"China","46002","CN 46002 Second Talkgroup"
"China","46010","CN 46010 Talkgroup of Bejing"
"China","46021","CN 46021 Talkgroup of Shanghai"
"China","460","China"
"China","46028","CN 46028 Talkgroup of Sichuan"
"China","4601","CN 4601 Talkgroup"
"China","46079","CN 46079 Talkgroup of Jiangxi"
"Chile","73021","La Serena-Coquimbo-VHF"
"Chile","73022","Valparaiso-VHF"
"Chile","73023","Valparaiso-UHF"
"Chile","73024","Los Andes-VHF"
"Chile","73031","Santiago-UHF"
"Chile","73041","Pelluhue-VHF"
"Chile","73042","Constitucion-VHF"
"Chile","73043","Chillan-VHF"
"Chile","73044","Chillan-UHF"
"Chile","73045","San Fernando VHF"
"Chile","73046","San Fernando UHF"
"Chile","73051","Concepcion-VHF"
"Chile","73052","Los Angeles-VHF"
"Chile","73053","Los Angeles-UHF"
"Chile","73059","Yumbel"
"Chile","73061","Villarrica-Pucon VHF"
"Chile","73062","Villarrica-Pucon UHF"
"Chile","73088","CE4YLC Yankee Lima Chile"
"Chile","7300","CE0 Zona0 Chile Insular"
"Chile","7301","CE1 Zona1 Arica - Atacama"
"Chile","7302","CE2 Zona2 Coquimbo -Valparaiso"
"Chile","7303","CE3 Zona3 Metropolitana"
"Chile","7304","CE4 Zona4 O'Higgins - Ñuble"
"Chile","7305","CE5 Zona5 BioBio"
"Chile","7306","CE6 Zona6 Araucania y Los Rios"
"Chile","7307","CE7 Zona7 Los Lagos - Aysen"
"Chile","7308","CE8 Zona8 Magallanes"
"Chile","7309","CE9 Zona9 U.Esperanza - Antartica"
"Chile","730","CHILE - Nacional"
"Chad","622","Chad"
"Central African Republic","623","Central African Republic"
"Cayman Islands","346","Cayman Islands"
"Cape Verde","625","Cape Verde"
"Canada","302","Canada Wide  Yukon & NWT"
"Canada","3020","Newfoundland & Labrador & P.E.I."
"Canada","3021","Nova Scotia"
"Canada","3022","Quebec"
"Canada","3023","Ontario"
"Canada","3024","Manitoba"
"Canada","3025","Saskatchewan"
"Canada","3026","Alberta"
"Canada","3027","British Columbia"
"Canada","3028","Nunavut Yukon & NWT"
"Canada","3029","New Brunswick"
"Cameroon","624","Cameroon"
"Cambodia","456","Cambodia"
"Burundi","642","Burundi"
"Burkina Faso","613","Burkina Faso"
"Bulgaria","2842","TG-Sofia RF LZ0NRG"
"Bulgaria","284","BG National"
"Bulgaria","284016","South East Bulgaria"
"Bulgaria","28415","BG HamNet"
"Brunei","528","Brunei"
"British Virgin Islands","348","British Virgin Islands"
"Brasil","72448","Santa Catarina"
"Brasil","72451","Rio Grande do Sul"
"Brasil","72461","Brasilia"
"Brasil","72462","Goias"
"Brasil","72463","Tocantins"
"Brasil","72465","Mato Grosso"
"Brasil","72467","Mato Grosso do Sul"
"Brasil","72468","Acre"
"Brasil","72469","Rondonia"
"Brasil","72471","Bahia"
"Brasil","72479","Sergipe"
"Brasil","72481","Pernambuco"
"Brasil","72482","Alagoas"
"Brasil","72483","Paraiba"
"Brasil","72484","Rio Grande do Norte"
"Brasil","72485","Ceara"
"Brasil","72486","Piaui"
"Brasil","72490","Desbravadores"
"Brasil","72491","Para"
"Brasil","72492","Amazonas"
"Brasil","72495","Roraima"
"Brasil","72496","Amapa"
"Brasil","72498","Maranhao"
"Brasil","7241","Norte"
"Brasil","7242","Nordeste"
"Brasil","7243","Centro-Oeste"
"Brasil","7244","Sudeste"
"Brasil","7245","Sul"
"Brasil","724","Brasil National"
"Brasil","72411","Sao Paulo"
"Brasil","72421","Rio de Janeiro"
"Brasil","72427","Espirito Santo"
"Brasil","72431","Minas Gerais"
"Brasil","72441","Parana"
"Botswana","652","Botswana"
"Bosnia and Herzegovina","218","Bosnia and Herzegovina"
"Bolivia","736","Bolivia"
"Bhutan","402","Bhutan"
"Bermuda","350","Bermuda"
"Benin","616","Benin"
"Belize","702","Belize"
"Belgium","2061","Belgium-North"
"Belgium","2062","Belgium-South"
"Belgium","2063","Belgium-East"
"Belgium","2064","Belgium-On Demand"
"Belgium","2065","Belgium-On Demand"
"Belgium","2066","Belgium-On Demand"
"Belgium","2067","Belgium-On Demand"
"Belgium","2068","Belgium-On Demand"
"Belgium","2069","Belgium-On Demand"
"Belgium","206112","Belgium-Emergency"
"Belgium","20601","Belgium-Namur"
"Belgium","20602","Belgium-Luxembourg"
"Belgium","20603","Belgium-Hainaut"
"Belgium","20604","Belgium-Brussels"
"Belgium","20605","Belgium-Brabant Wallon"
"Belgium","20606","Belgium-Vlaams Brabant"
"Belgium","20607","Belgium-Limburg"
"Belgium","20608","Belgium-Antwerpen"
"Belgium","20609","Belgium-Oost-Vlaanderen"
"Belgium","20610","Belgium-West-Vlaanderen"
"Belgium","20612","Belgium-Waasland"
"Belgium","206","Belgium-National"
"Belgium","20698","Belgium-Francophonie"
"Belarus","257","Belarus"
"Barbados","342","Barbados"
"Bangladesh","470","Bangladesh"
"Bahrain","426","Bahrain"
"Bahamas","364","Bahamas"
"Azerbaijan","400","Azerbaijan"
"Austria","232","Austria"
"Australia","50500","Australia - Nets"
"Australia","50501","Australia - Chat 1"
"Australia","50502","Australia - Chat 2"
"Australia","50503","Australia - Chat 3"
"Australia","50524","VK-OzHUB"
"Australia","50556","ANZEL EchoLink Network"
"Australia","50595","OZ-DMR Australia News & Chat"
"Australia","5050","Australia - Antarctic"
"Australia","5051","Australia - ACT"
"Australia","5052","Australia - NSW"
"Australia","5053","Australia - VIC"
"Australia","5054","Australia - QLD"
"Australia","5055","Australia - SA"
"Australia","5056","Australia - WA"
"Australia","5057","Australia - TAS"
"Australia","5058","Australia - NT"
"Australia","5059","Australia - Ext Territories"
"Australia","505","Australia - National Calling"
"Aruba","363","Aruba"
"Armenia","283","Armenia"
"Argentina","7221","Red Multiprotocolo Delta Victor"
"Argentina","7222","Grupo Yankee Lima"
"Argentina","7224","Conferencia Náutica"
"Argentina","7228","Estación Digital Voice Dolores"
"Argentina","7229","G.A.D.T.M."
"Argentina","722","Argentina"
"Argentina","722911","ARG-Emergencias"
"Antigua and Barbuda","344","Antigua and Barbuda"
"Anguilla","365","Anguilla"
"Angola","631","Angola"
"Andorra","213","Andorra"
"American Samoa","544","American Samoa"
"Algeria","603","Algeria"
"Albania","276","Albania"
"Afghanistan","412","Afghanistan"